A016610,DB금융투자
A030210,KTB투자증권
A005940,NH투자증권
A005945,NH투자증권우
A001510,SK증권
A001515,SK증권우
A030610,교보증권
A003540,대신증권
A003547,대신증권2우B
A003545,대신증권우
A008560,메리츠종금증권
A006800,미래에셋대우
A00680K,미래에셋대우2우B
A006805,미래에셋대우우
A001270,부국증권
A001275,부국증권우
A016360,삼성증권
A001290,상상인증권
A001720,신영증권
A001725,신영증권우
A003470,유안타증권
A003475,유안타증권우
A001200,유진투자증권
A003460,유화증권
A003465,유화증권우
A039490,키움증권
A001750,한양증권
A001755,한양증권우
A003530,한화투자증권
A003535,한화투자증권우
A001500,현대차증권
,
,
,
,
,
,
,
,
,
,
,
,
,
,
,
,
,
,
,
,
,
,
,
,
,
,
,
,
,
,
,
,
,
,
,
,
,
,
,
,
,
,
,
,
,
,
,
,
,
,
,
,
,
,
,
,
,
,
,
,
,
,
,
,
,
,
,
,
,
,
,
,
,
,
,
,
,
,
,
,
,
,
,
,
,
,
,
,
,
,
,
,
,
